client_id;status
4;Sent
5;Sent
6;Sent
8;Sent
9;Control
12;Control
15;Sent
17;Control
26;Sent
27;Control
36;Control
45;Control
47;Control
62;Sent
65;Sent
99;Sent
114;Sent
133;Sent
134;Control
153;Sent
167;Sent
183;Sent
186;Sent
212;Control
213;Control
214;Control
247;Sent
258;Sent
279;Sent
311;Sent
312;Sent
318;Control
346;Sent
352;Sent
362;Sent
367;Sent
381;Sent
385;Control
412;Sent
418;Sent
419;Control
431;Sent
442;Sent
444;Sent
446;Sent
448;Control
474;Control
475;Control
478;Sent
479;Control
489;Control
492;Control
503;Sent
504;Sent
505;Sent
506;Sent
507;Sent
508;Control
509;Sent
510;Control
511;Sent
512;Control
513;Sent
514;Control
515;Sent
516;Control
522;Control
524;Sent
565;Sent
579;Sent
580;Sent
588;Sent
595;Sent
600;Sent
611;Sent
613;Sent
620;Sent
639;Sent
658;Sent
675;Sent
678;Control
690;Sent
693;Sent
694;Sent
702;Control
708;Control
709;Sent
723;Sent
726;Control
758;Control
767;Control
768;Sent
771;Control
789;Sent
830;Sent
836;Control
842;Sent
887;Control
907;Sent
922;Sent
924;Sent
937;Sent
966;Control
972;Sent
973;Sent
978;Sent
985;Sent
992;Sent
1006;Control
1008;Sent
1009;Control
1010;Sent
1011;Sent
1012;Sent
1013;Sent
1014;Sent
1015;Sent
1017;Control
1018;Sent
1019;Sent
1020;Sent
1022;Sent
1023;Sent
1024;Sent
1025;Sent
1026;Control
1027;Sent
1028;Sent
1029;Sent
1030;Sent
1032;Sent
1033;Sent
1035;Control
1036;Sent
1037;Sent
1038;Control
1039;Sent
1040;Sent
1041;Control
1042;Sent
1043;Sent
1044;Control
1045;Sent
1046;Sent
1047;Control
1049;Control
1050;Sent
1051;Sent
1052;Sent
1053;Control
1054;Sent
1055;Sent
1056;Control
1057;Sent
1059;Sent
1060;Control
1061;Sent
1063;Sent
1064;Sent
1065;Control
1066;Sent
1067;Sent
1068;Control
1069;Sent
1070;Sent
1071;Control
1072;Sent
1073;Sent
1074;Control
1075;Sent
1076;Control
1077;Sent
1078;Control
1079;Sent
1080;Control
1081;Sent
1082;Control
1083;Sent
1084;Control
1085;Sent
1086;Sent
1087;Control
1088;Sent
1090;Control
1091;Sent
1092;Sent
1093;Control
1094;Sent
1095;Control
1096;Sent
1097;Control
1098;Sent
1101;Control
1102;Sent
1103;Sent
1105;Sent
1106;Control
1108;Sent
1109;Sent
1110;Control
1111;Sent
1112;Control
1113;Sent
1114;Control
1115;Control
1116;Control
1117;Control
1118;Control
1119;Control
1120;Control
1123;Control
1124;Control
1125;Control
1126;Control
1127;Control
1128;Control
1129;Control
1130;Control
1131;Control
1132;Control
1133;Control
1134;Control
1135;Control
1138;Control
1139;Control
1140;Control
1141;Control
1142;Control
1143;Control
1144;Control
1146;Sent
1147;Control
1148;Control
1149;Control
1150;Control
1163;Sent
1172;Control
1181;Sent
1182;Sent
1209;Sent
1230;Control
1235;Sent
1255;Sent
1264;Sent
1274;Sent
1283;Sent
1289;Sent
1296;Sent
1301;Control
1307;Sent
1324;Sent
1326;Sent
1327;Sent
1331;Sent
1335;Sent
1371;Sent
1383;Control
1404;Sent
1446;Control
1447;Control
1479;Control
1493;Sent
1495;Sent
1498;Sent
1506;Control
1517;Sent
1530;Sent
1536;Sent
1548;Sent
1557;Sent
1580;Sent
1583;Sent
1586;Sent
1587;Sent
1595;Sent
1598;Control
1606;Sent
1610;Control
1617;Sent
1630;Sent
1640;Sent
1645;Control
1653;Control
1659;Sent
1672;Control
1678;Sent
1684;Sent
1714;Sent
1719;Sent
1726;Sent
1729;Control
1734;Sent
1742;Control
1747;Sent
1773;Sent
1790;Sent
1801;Sent
1808;Control
1823;Sent
1834;Sent
1841;Sent
1846;Sent
1847;Sent
1851;Control
1860;Sent
1869;Sent
1884;Sent
1885;Sent
1889;Sent
1890;Sent
1895;Sent
1941;Control
1957;Control
2004;Sent
2005;Sent
2006;Control
2007;Control
2011;Control
2017;Sent
2020;Sent
2033;Control
2050;Sent
2088;Sent
2103;Control
2110;Control
2116;Sent
2127;Sent
2166;Sent
2168;Sent
2176;Sent
2185;Sent
2206;Sent
2215;Sent
2224;Sent
2249;Sent
2251;Control
2253;Sent
2254;Sent
2266;Sent
2269;Sent
2272;Sent
2277;Sent
2282;Sent
2284;Sent
2296;Sent
2332;Control
2344;Control
2358;Control
2361;Sent
2365;Sent
2374;Sent
2375;Sent
2400;Sent
2417;Sent
2419;Sent
2452;Sent
2465;Sent
2477;Control
2509;Sent
2514;Sent
2531;Sent
2534;Sent
2538;Sent
2553;Sent
2559;Sent
2560;Control
2564;Sent
2583;Sent
2592;Sent
2593;Control
2600;Sent
2629;Sent
2641;Sent
2649;Sent
2686;Control
2691;Control
2692;Sent
2721;Sent
2747;Control
2748;Control
2769;Sent
2806;Sent
2832;Sent
2845;Sent
2851;Sent
2861;Sent
2876;Sent
2904;Sent
2915;Sent
2921;Control
2922;Sent
2929;Control
2940;Sent
2960;Sent
2984;Sent
2998;Control
3029;Sent
3043;Control
3052;Control
3060;Sent
3062;Sent
3073;Sent
3094;Control
3099;Control
3124;Sent
3126;Sent
3145;Control
3171;Sent
3183;Sent
3189;Sent
3196;Sent
3211;Sent
3212;Sent
3230;Sent
3255;Control
3261;Sent
3268;Sent
3281;Sent
3288;Sent
3290;Control
3299;Sent
3301;Sent
3314;Sent
3317;Sent
3328;Sent
3347;Sent
3354;Sent
3384;Sent
3392;Control
3448;Sent
3455;Sent
3470;Control
3480;Sent
3484;Sent
3505;Sent
3533;Sent
3536;Sent
3555;Control
3569;Sent
3591;Sent
3610;Sent
3620;Sent
3639;Control
3645;Control
3652;Sent
3659;Control
3686;Sent
3701;Sent
3702;Sent
3703;Sent
3714;Control
3725;Sent
3731;Sent
3742;Sent
3744;Sent
3750;Sent
3772;Sent
3793;Sent
3797;Control
3798;Sent
3802;Control
3811;Control
3819;Sent
3853;Control
3862;Sent
3884;Sent
3894;Sent
3896;Control
3909;Sent
3921;Control
3940;Control
3947;Sent
3962;Sent
3998;Sent
4012;Control
4016;Sent
4032;Sent
4038;Sent
4051;Sent
4076;Sent
4079;Sent
4082;Sent
4105;Sent
4111;Sent
4116;Control
4119;Sent
4153;Sent
4170;Control
4176;Control
4190;Sent
4196;Sent
4212;Control
4217;Sent
4231;Control
4244;Sent
4245;Sent
4254;Control
4259;Sent
4265;Sent
4271;Sent
4316;Sent
4320;Control
4327;Sent
4337;Sent
4355;Control
4357;Sent
4415;Sent
4416;Sent
4422;Sent
4459;Sent
4474;Sent
4500;Control
4511;Control
4516;Control
4529;Sent
4564;Control
4567;Control
4597;Control
4608;Sent
4628;Sent
4633;Sent
4642;Sent
4643;Control
4646;Sent
4668;Sent
4678;Sent
4685;Control
4689;Control
4703;Sent
4710;Sent
4713;Control
4728;Sent
4729;Sent
4735;Sent
4736;Sent
4737;Sent
4754;Sent
4758;Control
4759;Control
4766;Control
4769;Sent
4803;Sent
4812;Control
4821;Sent
4824;Control
4829;Sent
4838;Sent
4848;Sent
4851;Sent
4893;Sent
4917;Sent
4919;Control
4921;Control
4934;Sent
4955;Control
4957;Control
4977;Sent
4996;Sent
5022;Sent
5026;Sent
5035;Sent
5042;Sent
5050;Control
5066;Sent
5094;Control
5097;Control
5102;Sent
5124;Sent
5125;Sent
5142;Control
5163;Sent
5198;Sent
5224;Sent
5230;Sent
5275;Sent
5300;Control
5301;Sent
5312;Sent
5316;Control
5320;Sent
5345;Control
5348;Control
5372;Control
5378;Sent
5379;Sent
5383;Sent
5388;Control
5390;Sent
5411;Sent
5432;Control
5434;Sent
5439;Sent
5458;Sent
5470;Control
5487;Sent
5502;Sent
5505;Sent
5521;Sent
5529;Control
5530;Sent
5532;Sent
5551;Sent
5554;Sent
5555;Sent
5562;Sent
5565;Sent
5581;Sent
5586;Control
5591;Sent
5618;Sent
5628;Control
5631;Sent
5668;Sent
5677;Sent
5684;Sent
5691;Sent
5693;Sent
5708;Control
5711;Sent
5716;Sent
5730;Sent
5731;Sent
5736;Control
5764;Sent
5772;Sent
5777;Control
5778;Sent
5788;Sent
5833;Sent
5848;Control
5853;Sent
5854;Sent
5860;Sent
5871;Sent
5875;Control
5887;Sent
5889;Sent
5891;Sent
5895;Sent
5898;Sent
5923;Sent
5953;Sent
5976;Sent
5982;Sent
5989;Control
5991;Control
6027;Sent
6031;Control
6049;Sent
6056;Control
6060;Control
6061;Sent
6062;Sent
6071;Sent
6086;Sent
6094;Control
6096;Sent
6125;Control
6155;Sent
6159;Sent
6162;Sent
6173;Control
6179;Sent
6194;Sent
6199;Sent
6208;Control
6210;Sent
6216;Control
6235;Sent
6249;Sent
6265;Sent
6267;Control
6281;Sent
6291;Sent
6304;Control
6327;Sent
6328;Control
6346;Sent
6364;Sent
6368;Sent
6403;Control
6440;Sent
6450;Sent
6472;Sent
6480;Sent
6483;Sent
6487;Sent
6503;Sent
6519;Sent
6520;Control
6527;Sent
6530;Sent
6532;Sent
6535;Sent
6550;Sent
6552;Sent
6578;Sent
6586;Sent
6591;Sent
6597;Sent
6603;Sent
6625;Control
6639;Sent
6647;Sent
6673;Sent
6696;Control
6700;Sent
6705;Sent
6706;Sent
6712;Control
6715;Control
6731;Sent
6744;Sent
6751;Control
6753;Control
6758;Sent
6784;Sent
6786;Control
6817;Control
6827;Sent
6834;Control
6858;Control
6860;Control
6869;Sent
6883;Sent
6907;Sent
6909;Control
6924;Sent
6931;Control
6937;Sent
6947;Sent
6960;Sent
6964;Sent
6965;Sent
6967;Sent
6982;Sent
6996;Sent
6997;Sent
7009;Sent
7024;Sent
7034;Control
7037;Sent
7046;Sent
7052;Control
7080;Sent
7088;Sent
7129;Sent
7139;Sent
7159;Control
7167;Sent
7183;Sent
7190;Sent
7225;Sent
7245;Control
7246;Control
7248;Control
7265;Control
7285;Sent
7308;Control
7319;Sent
7326;Sent
7334;Sent
7344;Sent
7367;Sent
7385;Sent
7390;Sent
7417;Sent
7419;Sent
7421;Sent
7423;Sent
7428;Sent
7431;Sent
7436;Sent
7438;Sent
7442;Sent
7448;Sent
7467;Sent
7480;Sent
7495;Control
7499;Sent
7502;Sent
7509;Sent
7520;Control
7532;Control
7534;Control
7535;Control
7541;Sent
7550;Sent
7555;Sent
7573;Sent
7584;Sent
7585;Sent
7627;Sent
7628;Control
7630;Control
7633;Control
7657;Sent
7658;Sent
7668;Sent
7676;Sent
7683;Sent
7693;Control
7714;Sent
7725;Sent
7726;Sent
7735;Sent
7738;Control
7751;Control
7759;Sent
7761;Sent
7767;Sent
7778;Sent
7786;Sent
7797;Sent
7808;Sent
7818;Sent
7842;Sent
7844;Sent
7846;Sent
7894;Sent
7902;Sent
7912;Control
7932;Sent
7942;Control
7943;Sent
7957;Sent
7959;Sent
7966;Sent
7971;Control
7987;Sent
7992;Sent
7995;Control
8035;Sent
8050;Control
8063;Sent
8069;Sent
8072;Sent
8087;Control
8097;Sent
8122;Sent
8126;Control
8168;Control
8173;Control
8179;Sent
8187;Sent
8188;Sent
8193;Sent
8202;Sent
8213;Sent
8215;Sent
8237;Sent
8238;Control
8252;Sent
8257;Sent
8260;Sent
8262;Control
8265;Control
8268;Sent
8282;Sent
8303;Sent
8305;Sent
8308;Sent
8313;Control
8316;Sent
8325;Sent
8332;Sent
8362;Sent
8382;Sent
8434;Sent
8453;Control
8455;Sent
8460;Sent
8464;Control
8472;Sent
8473;Sent
8479;Control
8482;Control
8493;Sent
8513;Control
8520;Sent
8533;Sent
8538;Sent
8547;Sent
8557;Sent
8572;Sent
8601;Sent
8642;Sent
8649;Sent
8660;Sent
8663;Sent
8673;Sent
8682;Control
8685;Sent
8694;Sent
8706;Sent
8716;Control
8722;Sent
8733;Sent
8742;Sent
8743;Control
8753;Sent
8760;Control
8766;Sent
8775;Control
8788;Sent
8807;Sent
8808;Sent
8814;Sent
8816;Sent
8835;Sent
8837;Sent
8878;Sent
8890;Sent
8905;Sent
8915;Sent
8952;Sent
8964;Sent
8968;Control
8977;Sent
8978;Sent
8996;Sent
9032;Sent
9048;Sent
9049;Sent
9070;Sent
9072;Sent
9096;Sent
9097;Sent
9102;Control
9105;Control
9112;Sent
9142;Sent
9148;Sent
9150;Sent
9172;Sent
9204;Sent
9210;Sent
9223;Sent
9242;Sent
9269;Sent
9270;Control
9275;Control
9282;Sent
9283;Control
9286;Sent
9301;Sent
9305;Sent
9314;Sent
9317;Control
9339;Control
9358;Sent
9376;Sent
9381;Sent
9419;Sent
9428;Control
9429;Sent
9454;Control
9465;Sent
9468;Sent
9470;Control
9494;Sent
9516;Sent
9526;Sent
9562;Control
9571;Sent
9590;Sent
9595;Sent
9607;Sent
9619;Sent
9626;Control
9628;Sent
9643;Control
9664;Sent
9701;Sent
9709;Sent
9710;Sent
9711;Sent
9712;Control
9718;Control
9721;Control
9726;Control
9730;Sent
9742;Sent
9746;Sent
9749;Control
9765;Control
9769;Sent
9770;Sent
9801;Sent
9841;Sent
9858;Sent
9888;Sent
9899;Sent
9945;Control
9959;Sent
9967;Control
9976;Control
9977;Control
9986;Sent
9998;Sent
